Scenario,Pass,Collision,MinClear_m,OncomingFrac,OutsideEdge,PeakLatAcc,PeakYawRate,Zigzag,EndSwing_m,BadStop_s,Reversed,FinalX,FinalSpeed,Notes
CPNCO,1,0,2.67327173325981,0,0,0.703878370770244,0.171644461156558,1,0,0,0,121.175484533909,6.86215976077536,
CPTA,1,0,19.0092500728675,0,0,0.406667650797356,0.146388643195593,0,0,0,0,251.305345566111,2.778,
CCFtap,1,0,1.70018437624474,0,0,0.213540772896206,0.0768685287603332,0,0,0,0,251.333189861663,2.778,
CCCscp,1,0,0.95004940126281,0,0,0,0,0,0,0,0,259.838041502751,5.51659603903807,
INDIAN_AUTOCUTIN,1,0,6.0361418936845,0,0,0,0,0,0,0,0,267.975222456532,0.217023233117065,
INDIAN_TWOWHEELER,1,0,0.475000167803645,0,0,0,0,0,0,0,0,364.162999999994,6.94000000000001,
INDIAN_JAYWALK,1,0,1.19664850542906,0,0,0.0692588388153021,0.00997965977165735,0,4.10769033898362e-07,0,0,352.772650486199,6.93999999999999,
INDIAN_CATTLE,1,0,0.358017913420759,0,0,0.0248171193901081,0.014224888429625,0,0,0,0,107.201599568176,0.269427355517356,
INDIAN_CONGESTION,1,0,1.95000032442554,0,0,0,0,0,0,0,0,202.422129034398,2.95335093881047,
INDIAN_POTHOLE,1,0,0.609099126866647,0,0,0.643506789714904,0.152711858688,0,8.67295231188336e-08,0,0,318.204644961832,6.93999999999999,
INDIAN_WRONGWAY,1,0,0.628803975300228,0,0,0.790626361741533,0.240868498904769,1,7.0495486892419e-06,0,0,327.211704641918,6.93999999999999,
INDIAN_SCHOOLZONE,1,0,1.27565187419176,0,0,0.0667069408595236,0.00961195113249619,0,3.11919106721348e-06,0,0,357.772558153039,6.93999999999999,
INDIAN_BUSSTOP,1,0,0.571774416450835,0,0,0.0020155891891142,0.00401038928140629,0,0,0,0,104.977744434435,0,
INDIAN_VENDORCART,1,0,1.3775477867093,0,0,0.0286061033326577,0.00626507344304738,0,0,0,0,122.199638967827,0.251024185674367,
INDIAN_GAUNTLET,1,0,0.856303479318187,0,0,0.653641528223057,0.16540690776803,1,1.3065701110913,0,0,272.027753564313,6.93998434196807,
